kind,scope,sharedUi,action,currentFile,currentClass,currentSelector,templateUrl,styleUrls,proposedBase,proposedClass,proposedSelector,confidence,notes
Component,console,,keep,apps/console/src/app/app.ts,App,console-root,,,app,App,console-root,high,app-root-OUT-OF-SCOPE
Component,console,,rename,apps/console/src/app/layout-shell.ts,LayoutShellComponent,console-layout-shell,,,layout.shell,LayoutShell,console-layout-shell,high,
Component,landing,,keep,apps/landing/src/app/app.ts,App,landing-root,apps/landing/src/app/app.html,apps/landing/src/app/app.scss,app,App,landing-root,high,app-root-OUT-OF-SCOPE
Component,landing,,rename,apps/landing/src/app/pages/colophon/colophon.page.ts,ColophonPage,landing-colophon-page,apps/landing/src/app/pages/colophon/colophon.page.html,apps/landing/src/app/pages/colophon/colophon.page.scss,colophon,Colophon,landing-colophon,med,page-dropped;page-container
Component,landing,,rename,apps/landing/src/app/pages/contact/contact.page.ts,ContactPage,landing-contact-page,apps/landing/src/app/pages/contact/contact.page.html,apps/landing/src/app/pages/contact/contact.page.scss,contact,Contact,landing-contact,med,page-dropped;page-container
Component,landing,,rename,apps/landing/src/app/pages/ddl/about-signatures/about-signatures.page.ts,DdlAboutSignaturesPage,landing-ddl-about-signatures-page,apps/landing/src/app/pages/ddl/about-signatures/about-signatures.page.html,apps/landing/src/app/pages/ddl/about-signatures/about-signatures.page.scss,ddl-about-signatures,DdlAboutSignatures,landing-ddl-about-signatures,high,page-dropped;ddl-showcase
Component,landing,,rename,apps/landing/src/app/pages/ddl/about-signatures/currently-shipping-v1/currently-shipping-v1.component.ts,CurrentlyShippingV1Component,landing-currently-shipping-v1,,,ddl-currently-shipping.v1,DdlCurrentlyShippingV1,landing-ddl-currently-shipping-v1,high,vN-variant;ddl-showcase
Component,landing,,rename,apps/landing/src/app/pages/ddl/about-signatures/currently-shipping-v2/currently-shipping-v2.component.ts,CurrentlyShippingV2Component,landing-currently-shipping-v2,,,ddl-currently-shipping.v2,DdlCurrentlyShippingV2,landing-ddl-currently-shipping-v2,high,vN-variant;ddl-showcase
Component,landing,,rename,apps/landing/src/app/pages/ddl/about-signatures/currently-shipping-v3/currently-shipping-v3.component.ts,CurrentlyShippingV3Component,landing-currently-shipping-v3,,,ddl-currently-shipping.v3,DdlCurrentlyShippingV3,landing-ddl-currently-shipping-v3,high,vN-variant;ddl-showcase
Component,landing,,rename,apps/landing/src/app/pages/ddl/about-signatures/depth-map-v1/depth-map-v1.component.ts,DepthMapV1Component,landing-depth-map-v1,,,ddl-depth-map.v1,DdlDepthMapV1,landing-ddl-depth-map-v1,high,vN-variant;ddl-showcase
Component,landing,,rename,apps/landing/src/app/pages/ddl/about-signatures/depth-map-v2/depth-map-v2.component.ts,DepthMapV2Component,landing-depth-map-v2,,,ddl-depth-map.v2,DdlDepthMapV2,landing-ddl-depth-map-v2,high,vN-variant;ddl-showcase
Component,landing,,rename,apps/landing/src/app/pages/ddl/about-signatures/depth-map-v3/depth-map-v3.component.ts,DepthMapV3Component,landing-depth-map-v3,,,ddl-depth-map.v3,DdlDepthMapV3,landing-ddl-depth-map-v3,high,vN-variant;ddl-showcase
Component,landing,,rename,apps/landing/src/app/pages/ddl/about-signatures/failures-v2/failures-v2.component.ts,FailuresV2Component,landing-failures-v2,,,ddl-failures.v2,DdlFailuresV2,landing-ddl-failures-v2,high,vN-variant;ddl-showcase
Component,landing,,rename,apps/landing/src/app/pages/ddl/about-signatures/failures-v3/failures-v3.component.ts,FailuresV3Component,landing-failures-v3,,,ddl-failures.v3,DdlFailuresV3,landing-ddl-failures-v3,high,vN-variant;ddl-showcase
Component,landing,,rename,apps/landing/src/app/pages/ddl/backgrounds/backgrounds.page.ts,BackgroundsPage,landing-backgrounds-page,,,ddl-backgrounds,DdlBackgrounds,landing-ddl-backgrounds,high,page-dropped;ddl-showcase
Component,landing,,rename,apps/landing/src/app/pages/ddl/bio-improvements/bio-improvements.page.ts,BioImprovementsPage,landing-bio-improvements-page,apps/landing/src/app/pages/ddl/bio-improvements/bio-improvements.page.html,apps/landing/src/app/pages/ddl/bio-improvements/bio-improvements.page.scss,ddl-bio-improvements,DdlBioImprovements,landing-ddl-bio-improvements,high,page-dropped;ddl-showcase
Component,landing,,rename,apps/landing/src/app/pages/ddl/blog-detail-variants/blog-detail-variants.page.ts,BlogDetailVariantsPage,landing-blog-detail-variants-page,apps/landing/src/app/pages/ddl/blog-detail-variants/blog-detail-variants.page.html,apps/landing/src/app/pages/ddl/blog-detail-variants/blog-detail-variants.page.scss,ddl-blog-detail-variants,DdlBlogDetailVariants,landing-ddl-blog-detail-variants,high,page-dropped;ddl-showcase
Component,landing,,rename,apps/landing/src/app/pages/ddl/blog-detail-variants/blog-share-row.component.ts,BlogShareRowComponent,landing-blog-share-row,,,ddl-blog-share-row,DdlBlogShareRow,landing-ddl-blog-share-row,high,ddl-showcase
Component,landing,,rename,apps/landing/src/app/pages/ddl/blog-list-variants/blog-list-variants.page.ts,BlogListVariantsPage,landing-blog-list-variants-page,apps/landing/src/app/pages/ddl/blog-list-variants/blog-list-variants.page.html,apps/landing/src/app/pages/ddl/blog-list-variants/blog-list-variants.page.scss,ddl-blog-list-variants,DdlBlogListVariants,landing-ddl-blog-list-variants,high,page-dropped;ddl-showcase
Component,landing,,rename,apps/landing/src/app/pages/ddl/carousel/carousel.page.ts,CarouselPage,landing-carousel-page,apps/landing/src/app/pages/ddl/carousel/carousel.page.html,apps/landing/src/app/pages/ddl/carousel/carousel.page.scss,ddl-carousel,DdlCarousel,landing-ddl-carousel,high,page-dropped;ddl-showcase
Component,landing,,rename,apps/landing/src/app/pages/ddl/command-palette/command-palette.page.ts,CommandPalettePage,landing-command-palette-page,apps/landing/src/app/pages/ddl/command-palette/command-palette.page.html,apps/landing/src/app/pages/ddl/command-palette/command-palette.page.scss,ddl-command-palette,DdlCommandPalette,landing-ddl-command-palette,high,page-dropped;ddl-showcase
Component,landing,,rename,apps/landing/src/app/pages/ddl/contrast/contrast.page.ts,ContrastPage,landing-contrast-page,,,ddl-contrast,DdlContrast,landing-ddl-contrast,high,page-dropped;ddl-showcase
Component,landing,,rename,apps/landing/src/app/pages/ddl/ddl.component.ts,DdlComponent,landing-ddl,apps/landing/src/app/pages/ddl/ddl.component.html,apps/landing/src/app/pages/ddl/ddl.component.scss,ddl,Ddl,landing-ddl,high,ddl-showcase
Component,landing,,rename,apps/landing/src/app/pages/ddl/email-templates/email-templates.page.ts,EmailTemplatesPage,landing-ddl-email-templates-page,apps/landing/src/app/pages/ddl/email-templates/email-templates.page.html,apps/landing/src/app/pages/ddl/email-templates/email-templates.page.scss,ddl-email-templates,DdlEmailTemplates,landing-ddl-email-templates,high,page-dropped;ddl-showcase
Component,landing,,rename,apps/landing/src/app/pages/ddl/feed-filter-bar/feed-filter-bar.page.ts,FeedFilterBarPage,landing-feed-filter-bar-page,apps/landing/src/app/pages/ddl/feed-filter-bar/feed-filter-bar.page.html,apps/landing/src/app/pages/ddl/feed-filter-bar/feed-filter-bar.page.scss,ddl-feed-filter-bar,DdlFeedFilterBar,landing-ddl-feed-filter-bar,high,page-dropped;ddl-showcase
Component,landing,,rename,apps/landing/src/app/pages/ddl/feed-item-variants/feed-item-variants.page.ts,FeedItemVariantsPage,landing-feed-item-variants-page,apps/landing/src/app/pages/ddl/feed-item-variants/feed-item-variants.page.html,apps/landing/src/app/pages/ddl/feed-item-variants/feed-item-variants.page.scss,ddl-feed-item-variants,DdlFeedItemVariants,landing-ddl-feed-item-variants,high,page-dropped;ddl-showcase
Component,landing,,rename,apps/landing/src/app/pages/ddl/feed-pagination/feed-pagination.page.ts,FeedPaginationPage,landing-feed-pagination-page,apps/landing/src/app/pages/ddl/feed-pagination/feed-pagination.page.html,apps/landing/src/app/pages/ddl/feed-pagination/feed-pagination.page.scss,ddl-feed-pagination,DdlFeedPagination,landing-ddl-feed-pagination,high,page-dropped;ddl-showcase
Component,landing,,rename,apps/landing/src/app/pages/ddl/form-input/form-input.page.ts,FormInputPage,landing-ddl-form-input,apps/landing/src/app/pages/ddl/form-input/form-input.page.html,apps/landing/src/app/pages/ddl/form-input/form-input.page.scss,ddl-form-input,DdlFormInput,landing-ddl-form-input,high,ddl-showcase
Component,landing,,rename,apps/landing/src/app/pages/ddl/form-lib/form-lib.page.ts,FormLibPage,landing-ddl-form-lib,apps/landing/src/app/pages/ddl/form-lib/form-lib.page.html,apps/landing/src/app/pages/ddl/form-lib/form-lib.page.scss,ddl-form-lib,DdlFormLib,landing-ddl-form-lib,high,ddl-showcase
Component,landing,,rename,apps/landing/src/app/pages/ddl/fragment-navigation/fragment-navigation.page.ts,FragmentNavigationPage,landing-fragment-navigation-page,,,ddl-fragment-navigation,DdlFragmentNavigation,landing-ddl-fragment-navigation,high,page-dropped;ddl-showcase
Component,landing,,rename,apps/landing/src/app/pages/ddl/get-in-touch/get-in-touch.page.ts,GetInTouchPage,landing-get-in-touch-page,apps/landing/src/app/pages/ddl/get-in-touch/get-in-touch.page.html,apps/landing/src/app/pages/ddl/get-in-touch/get-in-touch.page.scss,ddl-get-in-touch,DdlGetInTouch,landing-ddl-get-in-touch,high,page-dropped;ddl-showcase
Component,landing,,rename,apps/landing/src/app/pages/ddl/hero-variants/hero-variants.page.ts,HeroVariantsPage,landing-hero-variants-page,,,ddl-hero-variants,DdlHeroVariants,landing-ddl-hero-variants,high,page-dropped;ddl-showcase
Component,landing,,rename,apps/landing/src/app/pages/ddl/interactions/interactions.page.ts,InteractionsPage,landing-interactions-page,apps/landing/src/app/pages/ddl/interactions/interactions.page.html,apps/landing/src/app/pages/ddl/interactions/interactions.page.scss,ddl-interactions,DdlInteractions,landing-ddl-interactions,high,page-dropped;ddl-showcase
Component,landing,,rename,apps/landing/src/app/pages/ddl/language-switcher/language-switcher.page.ts,LanguageSwitcherPage,landing-language-switcher-page,apps/landing/src/app/pages/ddl/language-switcher/language-switcher.page.html,apps/landing/src/app/pages/ddl/language-switcher/language-switcher.page.scss,ddl-language-switcher,DdlLanguageSwitcher,landing-ddl-language-switcher,high,page-dropped;ddl-showcase
Component,landing,,rename,apps/landing/src/app/pages/ddl/lightbox/lightbox.page.ts,LightboxPage,landing-lightbox-page,apps/landing/src/app/pages/ddl/lightbox/lightbox.page.html,apps/landing/src/app/pages/ddl/lightbox/lightbox.page.scss,ddl-lightbox,DdlLightbox,landing-ddl-lightbox,high,page-dropped;ddl-showcase
Component,landing,,rename,apps/landing/src/app/pages/ddl/mega-menu/mega-menu.page.ts,MegaMenuDdlPage,landing-mega-menu-ddl-page,apps/landing/src/app/pages/ddl/mega-menu/mega-menu.page.html,apps/landing/src/app/pages/ddl/mega-menu/mega-menu.page.scss,ddl-mega-menu-ddl,DdlMegaMenuDdl,landing-ddl-mega-menu-ddl,high,page-dropped;ddl-showcase
Component,landing,,rename,apps/landing/src/app/pages/ddl/mobile-nav/mobile-nav.page.ts,MobileNavPage,landing-ddl-mobile-nav-page,,,ddl-mobile-nav,DdlMobileNav,landing-ddl-mobile-nav,high,page-dropped;ddl-showcase
Component,landing,,rename,apps/landing/src/app/pages/ddl/page-hero/page-hero.page.ts,PageHeroPage,landing-ddl-page-hero,,,ddl-page-hero,DdlPageHero,landing-ddl-page-hero,high,ddl-showcase
Component,landing,,rename,apps/landing/src/app/pages/ddl/page-shell/page-shell.page.ts,PageShellPage,landing-ddl-page-shell,,,ddl-page-shell,DdlPageShell,landing-ddl-page-shell,high,ddl-showcase
Component,landing,,rename,apps/landing/src/app/pages/ddl/philosophy-strip/philosophy-strip.page.ts,PhilosophyStripPage,landing-philosophy-strip-page,apps/landing/src/app/pages/ddl/philosophy-strip/philosophy-strip.page.html,apps/landing/src/app/pages/ddl/philosophy-strip/philosophy-strip.page.scss,ddl-philosophy-strip,DdlPhilosophyStrip,landing-ddl-philosophy-strip,high,page-dropped;ddl-showcase
Component,landing,,rename,apps/landing/src/app/pages/ddl/project-detail-explore/project-detail-explore.page.ts,ProjectDetailExplorePage,landing-project-detail-explore-page,apps/landing/src/app/pages/ddl/project-detail-explore/project-detail-explore.page.html,apps/landing/src/app/pages/ddl/project-detail-explore/project-detail-explore.page.scss,ddl-project-detail-explore,DdlProjectDetailExplore,landing-ddl-project-detail-explore,high,page-dropped;ddl-showcase
Component,landing,,rename,apps/landing/src/app/pages/ddl/prose-flow/prose-flow.page.ts,ProseFlowPage,landing-prose-flow-page,apps/landing/src/app/pages/ddl/prose-flow/prose-flow.page.html,apps/landing/src/app/pages/ddl/prose-flow/prose-flow.page.scss,ddl-prose-flow,DdlProseFlow,landing-ddl-prose-flow,high,page-dropped;ddl-showcase
Component,landing,,rename,apps/landing/src/app/pages/ddl/scroll-edge-fade/scroll-edge-fade.page.ts,ScrollEdgeFadePage,landing-scroll-edge-fade-page,apps/landing/src/app/pages/ddl/scroll-edge-fade/scroll-edge-fade.page.html,apps/landing/src/app/pages/ddl/scroll-edge-fade/scroll-edge-fade.page.scss,ddl-scroll-edge-fade,DdlScrollEdgeFade,landing-ddl-scroll-edge-fade,high,page-dropped;ddl-showcase
Component,landing,,rename,apps/landing/src/app/pages/ddl/section-header/section-header.page.ts,SectionHeaderPage,landing-section-header-page,,,ddl-section-header,DdlSectionHeader,landing-ddl-section-header,high,page-dropped;ddl-showcase
Component,landing,,rename,apps/landing/src/app/pages/ddl/selected-work-transitions/selected-work-transitions.page.ts,SelectedWorkTransitionsPage,landing-selected-work-transitions-page,apps/landing/src/app/pages/ddl/selected-work-transitions/selected-work-transitions.page.html,apps/landing/src/app/pages/ddl/selected-work-transitions/selected-work-transitions.page.scss,ddl-selected-work-transitions,DdlSelectedWorkTransitions,landing-ddl-selected-work-transitions,high,page-dropped;ddl-showcase
Component,landing,,rename,apps/landing/src/app/pages/ddl/show-more/show-more.page.ts,ShowMoreDdlPage,landing-show-more-ddl-page,apps/landing/src/app/pages/ddl/show-more/show-more.page.html,apps/landing/src/app/pages/ddl/show-more/show-more.page.scss,ddl-show-more-ddl,DdlShowMoreDdl,landing-ddl-show-more-ddl,high,page-dropped;ddl-showcase
Component,landing,,rename,apps/landing/src/app/pages/ddl/stack/stack.page.ts,StackPage,landing-stack-page,,,ddl-stack,DdlStack,landing-ddl-stack,high,page-dropped;ddl-showcase
Component,landing,,rename,apps/landing/src/app/pages/ddl/story-variants/story-variants.page.ts,StoryVariantsPage,landing-story-variants-page,apps/landing/src/app/pages/ddl/story-variants/story-variants.page.html,apps/landing/src/app/pages/ddl/story-variants/story-variants.page.scss,ddl-story-variants,DdlStoryVariants,landing-ddl-story-variants,high,page-dropped;ddl-showcase
Component,landing,,rename,apps/landing/src/app/pages/ddl/uses-card-variants/uses-card-variants.page.ts,UsesCardVariantsPage,landing-uses-card-variants-page,apps/landing/src/app/pages/ddl/uses-card-variants/uses-card-variants.page.html,apps/landing/src/app/pages/ddl/uses-card-variants/uses-card-variants.page.scss,ddl-uses-card-variants,DdlUsesCardVariants,landing-ddl-uses-card-variants,high,page-dropped;ddl-showcase
Component,landing,,rename,apps/landing/src/app/pages/legal/privacy.page.ts,PrivacyPage,landing-privacy-page,apps/landing/src/app/pages/legal/privacy.page.html,apps/landing/src/app/pages/legal/privacy.page.scss,privacy,Privacy,landing-privacy,med,page-dropped;page-container
Component,landing,,rename,apps/landing/src/app/pages/legal/terms.page.ts,TermsPage,landing-terms-page,apps/landing/src/app/pages/legal/terms.page.html,apps/landing/src/app/pages/legal/terms.page.scss,terms,Terms,landing-terms,med,page-dropped;page-container
Component,landing,,rename,apps/landing/src/app/pages/not-found/not-found.page.ts,NotFoundPage,landing-not-found-page,apps/landing/src/app/pages/not-found/not-found.page.html,apps/landing/src/app/pages/not-found/not-found.page.scss,not-found,NotFound,landing-not-found,med,page-dropped;page-container
Component,landing,,rename,apps/landing/src/app/pages/uses/uses.page.ts,UsesPage,landing-uses-page,apps/landing/src/app/pages/uses/uses.page.html,apps/landing/src/app/pages/uses/uses.page.scss,uses,Uses,landing-uses,med,page-dropped;page-container
Component,console,,rename,libs/console/feature-about-failure/src/lib/failure-detail/failure-detail.ts,FailureDetailComponent,console-failure-detail,libs/console/feature-about-failure/src/lib/failure-detail/failure-detail.html,libs/console/feature-about-failure/src/lib/failure-detail/failure-detail.scss,failure.detail,FailureDetail,console-failure-detail,high,
Component,console,,rename,libs/console/feature-about-failure/src/lib/failure-form-page/failure-form-page.ts,FailureFormPageComponent,console-failure-form-page,libs/console/feature-about-failure/src/lib/failure-form-page/failure-form-page.html,libs/console/feature-about-failure/src/lib/failure-form-page/failure-form-page.scss,failure.form,FailureForm,console-failure-form,high,page-dropped
Component,console,,rename,libs/console/feature-about-failure/src/lib/failures-page/failures-page.ts,FailuresPageComponent,console-failures-page,libs/console/feature-about-failure/src/lib/failures-page/failures-page.html,libs/console/feature-about-failure/src/lib/failures-page/failures-page.scss,failures,Failures,console-failures,med,page-dropped;page-container
Component,console,,rename,libs/console/feature-about-principle/src/lib/principle-detail/principle-detail.ts,PrincipleDetailComponent,console-principle-detail,libs/console/feature-about-principle/src/lib/principle-detail/principle-detail.html,libs/console/feature-about-principle/src/lib/principle-detail/principle-detail.scss,principle.detail,PrincipleDetail,console-principle-detail,high,
Component,console,,rename,libs/console/feature-about-principle/src/lib/principle-form-page/principle-form-page.ts,PrincipleFormPageComponent,console-principle-form-page,libs/console/feature-about-principle/src/lib/principle-form-page/principle-form-page.html,libs/console/feature-about-principle/src/lib/principle-form-page/principle-form-page.scss,principle.form,PrincipleForm,console-principle-form,high,page-dropped
Component,console,,rename,libs/console/feature-about-principle/src/lib/principles-page/principles-page.ts,PrinciplesPageComponent,console-principles-page,libs/console/feature-about-principle/src/lib/principles-page/principles-page.html,libs/console/feature-about-principle/src/lib/principles-page/principles-page.scss,principles,Principles,console-principles,med,page-dropped;page-container
Component,console,,rename,libs/console/feature-admin/src/lib/invite-dialog/invite-dialog.ts,InviteDialogComponent,console-invite-dialog,,,invite.dialog,InviteDialog,console-invite-dialog,high,
Component,console,,rename,libs/console/feature-admin/src/lib/users-page/users-page.ts,UsersPageComponent,console-users-page,libs/console/feature-admin/src/lib/users-page/users-page.html,libs/console/feature-admin/src/lib/users-page/users-page.scss,users,Users,console-users,med,page-dropped;page-container
Component,console,,rename,libs/console/feature-auth/src/lib/callback/callback.ts,CallbackComponent,console-callback,,,callback,Callback,console-callback,med,container
Component,console,,rename,libs/console/feature-auth/src/lib/forgot-password/forgot-password.ts,ForgotPasswordComponent,console-forgot-password,libs/console/feature-auth/src/lib/forgot-password/forgot-password.html,libs/console/feature-auth/src/lib/forgot-password/forgot-password.scss,forgot-password,ForgotPassword,console-forgot-password,med,container
Component,console,,rename,libs/console/feature-auth/src/lib/login/login.ts,LoginComponent,console-login,libs/console/feature-auth/src/lib/login/login.html,libs/console/feature-auth/src/lib/login/login.scss,login,Login,console-login,med,container
Component,console,,rename,libs/console/feature-auth/src/lib/reset-password/reset-password.ts,ResetPasswordComponent,console-reset-password,libs/console/feature-auth/src/lib/reset-password/reset-password.html,libs/console/feature-auth/src/lib/reset-password/reset-password.scss,reset-password,ResetPassword,console-reset-password,med,container
Component,console,,rename,libs/console/feature-auth/src/lib/set-password/set-password.ts,SetPasswordComponent,console-set-password,libs/console/feature-auth/src/lib/set-password/set-password.html,libs/console/feature-auth/src/lib/set-password/set-password.scss,set-password,SetPassword,console-set-password,med,container
Component,console,,rename,libs/console/feature-blog/src/lib/blog-post-detail/blog-post-detail.ts,BlogPostDetailComponent,console-blog-post-detail,libs/console/feature-blog/src/lib/blog-post-detail/blog-post-detail.html,,blog-post.detail,BlogPostDetail,console-blog-post-detail,high,
Component,console,,rename,libs/console/feature-blog/src/lib/post-form-page/post-form-page.ts,PostFormPageComponent,console-post-form-page,libs/console/feature-blog/src/lib/post-form-page/post-form-page.html,libs/console/feature-blog/src/lib/post-form-page/post-form-page.scss,post.form,PostForm,console-post-form,high,page-dropped
Component,console,,rename,libs/console/feature-blog/src/lib/posts-page/posts-page.ts,PostsPageComponent,console-posts-page,libs/console/feature-blog/src/lib/posts-page/posts-page.html,libs/console/feature-blog/src/lib/posts-page/posts-page.scss,posts,Posts,console-posts,med,page-dropped;page-container
Component,console,,rename,libs/console/feature-category/src/lib/categories-page/categories-page.ts,CategoriesPageComponent,console-categories-page,libs/console/feature-category/src/lib/categories-page/categories-page.html,libs/console/feature-category/src/lib/categories-page/categories-page.scss,categories,Categories,console-categories,med,page-dropped;page-container
Component,console,,rename,libs/console/feature-category/src/lib/category-detail/category-detail.ts,CategoryDetailComponent,console-category-detail,libs/console/feature-category/src/lib/category-detail/category-detail.html,,category.detail,CategoryDetail,console-category-detail,high,
Component,console,,rename,libs/console/feature-category/src/lib/category-form-page/category-form-page.ts,CategoryFormPageComponent,console-category-form-page,libs/console/feature-category/src/lib/category-form-page/category-form-page.html,libs/console/feature-category/src/lib/category-form-page/category-form-page.scss,category.form,CategoryForm,console-category-form,high,page-dropped
Component,console,,rename,libs/console/feature-ddl/src/lib/ddl.ts,DdlComponent,console-ddl,,,ddl,Ddl,console-ddl,med,container
Component,console,,rename,libs/console/feature-ddl/src/lib/long-form/long-form.ts,LongFormDemoComponent,console-ddl-long-form,libs/console/feature-ddl/src/lib/long-form/long-form.html,libs/console/feature-ddl/src/lib/long-form/long-form.scss,ddl-long.form,DdlLongForm,console-ddl-long-form,high,
Component,console,,rename,libs/console/feature-error/src/lib/error-page.ts,ErrorPageComponent,console-error-page,,,error,Error,console-error,med,page-dropped;page-container
Component,console,,rename,libs/console/feature-experience/src/lib/experience-detail/experience-detail.ts,ExperienceDetailComponent,console-experience-detail,libs/console/feature-experience/src/lib/experience-detail/experience-detail.html,,experience.detail,ExperienceDetail,console-experience-detail,high,
Component,console,,rename,libs/console/feature-experience/src/lib/experience-form-page/experience-form-page.ts,ExperienceFormPageComponent,console-experience-form-page,libs/console/feature-experience/src/lib/experience-form-page/experience-form-page.html,libs/console/feature-experience/src/lib/experience-form-page/experience-form-page.scss,experience.form,ExperienceForm,console-experience-form,high,page-dropped
Component,console,,rename,libs/console/feature-experience/src/lib/experiences-page/experiences-page.ts,ExperiencesPageComponent,console-experiences-page,libs/console/feature-experience/src/lib/experiences-page/experiences-page.html,libs/console/feature-experience/src/lib/experiences-page/experiences-page.scss,experiences,Experiences,console-experiences,med,page-dropped;page-container
Component,console,,rename,libs/console/feature-home/src/lib/home.ts,HomeComponent,console-home,,,home,Home,console-home,med,container
Component,console,,rename,libs/console/feature-media/src/lib/media-drawer/media-drawer.ts,MediaDrawerComponent,console-media-drawer,libs/console/feature-media/src/lib/media-drawer/media-drawer.html,libs/console/feature-media/src/lib/media-drawer/media-drawer.scss,media.drawer,MediaDrawer,console-media-drawer,high,
Component,console,,rename,libs/console/feature-media/src/lib/media-page/media-page.ts,MediaPageComponent,console-media-page,libs/console/feature-media/src/lib/media-page/media-page.html,libs/console/feature-media/src/lib/media-page/media-page.scss,media,Media,console-media,med,page-dropped;page-container
Component,console,,rename,libs/console/feature-media/src/lib/media-trash/media-trash.ts,MediaTrashComponent,console-media-trash,libs/console/feature-media/src/lib/media-trash/media-trash.html,libs/console/feature-media/src/lib/media-trash/media-trash.scss,media.trash,MediaTrash,console-media-trash,med,container
Component,console,,rename,libs/console/feature-messages/src/lib/message-detail/message-detail.ts,MessageDetailComponent,console-message-detail,libs/console/feature-messages/src/lib/message-detail/message-detail.html,libs/console/feature-messages/src/lib/message-detail/message-detail.scss,message.detail,MessageDetail,console-message-detail,high,
Component,console,,rename,libs/console/feature-messages/src/lib/messages-page/messages-page.ts,MessagesPageComponent,console-messages-page,libs/console/feature-messages/src/lib/messages-page/messages-page.html,libs/console/feature-messages/src/lib/messages-page/messages-page.scss,messages,Messages,console-messages,med,page-dropped;page-container
Pipe,console,,keep,libs/console/feature-messages/src/lib/pipes/relative-time.pipe.ts,RelativeTimePipe,relativeTime,,,relative-time.pipe,RelativeTimePipe,relativeTime,high,keep-pipe
Component,console,,rename,libs/console/feature-profile/src/lib/profile-page/profile-page.ts,ProfilePageComponent,console-profile-page,libs/console/feature-profile/src/lib/profile-page/profile-page.html,libs/console/feature-profile/src/lib/profile-page/profile-page.scss,profile,Profile,console-profile,med,page-dropped;page-container
Component,console,,rename,libs/console/feature-profile/src/lib/sections/admin-contact-address-section/admin-contact-address-section.component.ts,AdminContactAddressSectionComponent,console-profile-admin-contact-address-section,libs/console/feature-profile/src/lib/sections/admin-contact-address-section/admin-contact-address-section.component.html,,profile-admin-contact-address.section,ProfileAdminContactAddressSection,console-profile-admin-contact-address-section,high,
Component,console,,rename,libs/console/feature-profile/src/lib/sections/contact-section/contact-section.component.ts,ContactSectionComponent,console-profile-contact-section,libs/console/feature-profile/src/lib/sections/contact-section/contact-section.component.html,,profile-contact.section,ProfileContactSection,console-profile-contact-section,high,
Component,console,,rename,libs/console/feature-profile/src/lib/sections/identity-section/identity-section.component.ts,IdentitySectionComponent,console-profile-identity-section,libs/console/feature-profile/src/lib/sections/identity-section/identity-section.component.html,libs/console/feature-profile/src/lib/sections/identity-section/identity-section.component.scss,profile-identity.section,ProfileIdentitySection,console-profile-identity-section,high,
Component,console,,rename,libs/console/feature-profile/src/lib/sections/landing-content-section/landing-content-section.component.ts,LandingContentSectionComponent,console-profile-landing-content-section,libs/console/feature-profile/src/lib/sections/landing-content-section/landing-content-section.component.html,,profile-landing-content.section,ProfileLandingContentSection,console-profile-landing-content-section,high,
Component,console,,rename,libs/console/feature-profile/src/lib/sections/location-section/location-section.component.ts,LocationSectionComponent,console-profile-location-section,libs/console/feature-profile/src/lib/sections/location-section/location-section.component.html,,profile-location.section,ProfileLocationSection,console-profile-location-section,high,
Component,console,,rename,libs/console/feature-profile/src/lib/sections/seo-og-section/seo-og-section.component.ts,SeoOgSectionComponent,console-profile-seo-og-section,libs/console/feature-profile/src/lib/sections/seo-og-section/seo-og-section.component.html,libs/console/feature-profile/src/lib/sections/seo-og-section/seo-og-section.component.scss,profile-seo-og.section,ProfileSeoOgSection,console-profile-seo-og-section,high,
Component,console,,rename,libs/console/feature-profile/src/lib/sections/social-links-section/social-links-section.component.ts,SocialLinksSectionComponent,console-profile-social-links-section,libs/console/feature-profile/src/lib/sections/social-links-section/social-links-section.component.html,libs/console/feature-profile/src/lib/sections/social-links-section/social-links-section.component.scss,profile-social-links.section,ProfileSocialLinksSection,console-profile-social-links-section,high,
Component,console,,rename,libs/console/feature-profile/src/lib/sections/work-availability-section/work-availability-section.component.ts,WorkAvailabilitySectionComponent,console-profile-work-availability-section,libs/console/feature-profile/src/lib/sections/work-availability-section/work-availability-section.component.html,,profile-work-availability.section,ProfileWorkAvailabilitySection,console-profile-work-availability-section,high,
Component,console,,rename,libs/console/feature-project/src/lib/project-detail/project-detail.ts,ProjectDetailComponent,console-project-detail,libs/console/feature-project/src/lib/project-detail/project-detail.html,,project.detail,ProjectDetail,console-project-detail,high,
Component,console,,rename,libs/console/feature-project/src/lib/project-form-page/project-form-page.ts,ProjectFormPageComponent,console-project-form-page,libs/console/feature-project/src/lib/project-form-page/project-form-page.html,libs/console/feature-project/src/lib/project-form-page/project-form-page.scss,project.form,ProjectForm,console-project-form,high,page-dropped
Component,console,,rename,libs/console/feature-project/src/lib/projects-page/projects-page.ts,ProjectsPageComponent,console-projects-page,libs/console/feature-project/src/lib/projects-page/projects-page.html,libs/console/feature-project/src/lib/projects-page/projects-page.scss,projects,Projects,console-projects,med,page-dropped;page-container
Component,console,,rename,libs/console/feature-settings/src/lib/change-password/change-password.ts,ChangePasswordComponent,console-change-password,libs/console/feature-settings/src/lib/change-password/change-password.html,libs/console/feature-settings/src/lib/change-password/change-password.scss,change-password,ChangePassword,console-change-password,med,container
Component,console,,rename,libs/console/feature-skill/src/lib/skill-detail/skill-detail.ts,SkillDetailComponent,console-skill-detail,libs/console/feature-skill/src/lib/skill-detail/skill-detail.html,,skill.detail,SkillDetail,console-skill-detail,high,
Component,console,,rename,libs/console/feature-skill/src/lib/skill-form-page/skill-form-page.ts,SkillFormPageComponent,console-skill-form-page,libs/console/feature-skill/src/lib/skill-form-page/skill-form-page.html,libs/console/feature-skill/src/lib/skill-form-page/skill-form-page.scss,skill.form,SkillForm,console-skill-form,high,page-dropped
Component,console,,rename,libs/console/feature-skill/src/lib/skills-page/skills-page.ts,SkillsPageComponent,console-skills-page,libs/console/feature-skill/src/lib/skills-page/skills-page.html,libs/console/feature-skill/src/lib/skills-page/skills-page.scss,skills,Skills,console-skills,med,page-dropped;page-container
Component,console,,rename,libs/console/feature-tag/src/lib/tag-detail/tag-detail.ts,TagDetailComponent,console-tag-detail,libs/console/feature-tag/src/lib/tag-detail/tag-detail.html,,tag.detail,TagDetail,console-tag-detail,high,
Component,console,,rename,libs/console/feature-tag/src/lib/tag-form-page/tag-form-page.ts,TagFormPageComponent,console-tag-form-page,libs/console/feature-tag/src/lib/tag-form-page/tag-form-page.html,libs/console/feature-tag/src/lib/tag-form-page/tag-form-page.scss,tag.form,TagForm,console-tag-form,high,page-dropped
Component,console,,rename,libs/console/feature-tag/src/lib/tags-page/tags-page.ts,TagsPageComponent,console-tags-page,libs/console/feature-tag/src/lib/tags-page/tags-page.html,libs/console/feature-tag/src/lib/tags-page/tags-page.scss,tags,Tags,console-tags,med,page-dropped;page-container
Component,console,Y,rename,libs/console/shared/ui/src/lib/asset-filter-bar/asset-filter-bar.component.ts,AssetFilterBarComponent,console-asset-filter-bar,libs/console/shared/ui/src/lib/asset-filter-bar/asset-filter-bar.component.html,libs/console/shared/ui/src/lib/asset-filter-bar/asset-filter-bar.component.scss,asset-filter-bar,AssetFilterBar,console-asset-filter-bar,high,
Component,console,Y,rename,libs/console/shared/ui/src/lib/asset-grid/asset-grid.component.ts,AssetGridComponent,console-asset-grid,libs/console/shared/ui/src/lib/asset-grid/asset-grid.component.html,libs/console/shared/ui/src/lib/asset-grid/asset-grid.component.scss,asset-grid,AssetGrid,console-asset-grid,high,
Component,console,Y,rename,libs/console/shared/ui/src/lib/asset-upload-zone/asset-upload-zone.component.ts,AssetUploadZoneComponent,console-asset-upload-zone,libs/console/shared/ui/src/lib/asset-upload-zone/asset-upload-zone.component.html,libs/console/shared/ui/src/lib/asset-upload-zone/asset-upload-zone.component.scss,asset-upload-zone,AssetUploadZone,console-asset-upload-zone,high,
Component,console,Y,rename,libs/console/shared/ui/src/lib/asset-upload-zone/upload-row.component.ts,UploadRowComponent,console-upload-row,,,upload-row,UploadRow,console-upload-row,high,
Component,console,Y,rename,libs/console/shared/ui/src/lib/blank-layout/blank-layout.ts,ConsoleBlankLayoutComponent,console-blank-layout,libs/console/shared/ui/src/lib/blank-layout/blank-layout.html,libs/console/shared/ui/src/lib/blank-layout/blank-layout.scss,blank-layout,BlankLayout,console-blank-layout,high,
Component,console,Y,rename,libs/console/shared/ui/src/lib/chip-boolean/chip-boolean.component.ts,ChipBooleanComponent,console-chip-boolean,libs/console/shared/ui/src/lib/chip-boolean/chip-boolean.component.html,libs/console/shared/ui/src/lib/chip-boolean/chip-boolean.component.scss,chip-boolean,ChipBoolean,console-chip-boolean,high,
Component,console,Y,rename,libs/console/shared/ui/src/lib/chip-select/chip-select.component.ts,ChipSelectComponent,console-chip-select,libs/console/shared/ui/src/lib/chip-select/chip-select.component.html,libs/console/shared/ui/src/lib/chip-select/chip-select.component.scss,chip-select,ChipSelect,console-chip-select,high,
Component,console,Y,rename,libs/console/shared/ui/src/lib/chip-toggle-group/chip-toggle-group.component.ts,ChipToggleGroupComponent,console-chip-toggle-group,libs/console/shared/ui/src/lib/chip-toggle-group/chip-toggle-group.component.html,libs/console/shared/ui/src/lib/chip-toggle-group/chip-toggle-group.component.scss,chip-toggle-group,ChipToggleGroup,console-chip-toggle-group,high,
Component,console,Y,rename,libs/console/shared/ui/src/lib/confirm-dialog/confirm-dialog.ts,ConfirmDialogComponent,console-confirm-dialog,,,confirm-dialog,ConfirmDialog,console-confirm-dialog,high,
Pipe,console,Y,keep,libs/console/shared/ui/src/lib/enum-label/enum-label.pipe.ts,EnumLabelPipe,enumLabel,,,enum-label.pipe,EnumLabelPipe,enumLabel,high,keep-pipe
Component,console,Y,rename,libs/console/shared/ui/src/lib/error-message/error-message.ts,ErrorMessageComponent,console-error-message,,,error-message,ErrorMessage,console-error-message,high,
Component,console,Y,rename,libs/console/shared/ui/src/lib/filter-bar/filter-bar.ts,FilterBarComponent,console-filter-bar,,,filter-bar,FilterBar,console-filter-bar,high,
Component,console,Y,rename,libs/console/shared/ui/src/lib/filter-bar/filter-search.ts,FilterSearchComponent,console-filter-search,,,filter-search,FilterSearch,console-filter-search,high,
Component,console,Y,rename,libs/console/shared/ui/src/lib/filter-bar/filter-select.ts,FilterSelectComponent,console-filter-select,,,filter-select,FilterSelect,console-filter-select,high,
Component,console,Y,rename,libs/console/shared/ui/src/lib/loading-bar/loading-bar.component.ts,LoadingBarComponent,console-loading-bar,,,loading-bar,LoadingBar,console-loading-bar,high,
Component,console,Y,rename,libs/console/shared/ui/src/lib/long-form-layout/long-form-layout.component.ts,LongFormLayoutComponent,console-long-form-layout,libs/console/shared/ui/src/lib/long-form-layout/long-form-layout.component.html,libs/console/shared/ui/src/lib/long-form-layout/long-form-layout.component.scss,long-form-layout,LongFormLayout,console-long-form-layout,high,
Component,console,Y,rename,libs/console/shared/ui/src/lib/main-layout/main-layout.ts,ConsoleMainLayoutComponent,console-main-layout,libs/console/shared/ui/src/lib/main-layout/main-layout.html,libs/console/shared/ui/src/lib/main-layout/main-layout.scss,main-layout,MainLayout,console-main-layout,high,
Component,console,Y,rename,libs/console/shared/ui/src/lib/markdown-editor/editor.ts,Editor,console-markdown-editor,,libs/console/shared/ui/src/lib/markdown-editor/editor.scss,markdown-editor,MarkdownEditor,console-markdown-editor,high,
Component,console,Y,rename,libs/console/shared/ui/src/lib/media-picker-dialog/media-picker-dialog.ts,MediaPickerDialogComponent,console-media-picker-dialog,libs/console/shared/ui/src/lib/media-picker-dialog/media-picker-dialog.html,libs/console/shared/ui/src/lib/media-picker-dialog/media-picker-dialog.scss,media-picker-dialog,MediaPickerDialog,console-media-picker-dialog,high,
Component,console,Y,rename,libs/console/shared/ui/src/lib/media-picker-dialog/recently-used-strip.component.ts,RecentlyUsedStripComponent,console-recently-used-strip,,,recently-used-strip,RecentlyUsedStrip,console-recently-used-strip,high,
Component,console,Y,rename,libs/console/shared/ui/src/lib/month-year-picker/month-year-picker.component.ts,MonthYearPickerComponent,console-month-year-picker,,,month-year-picker,MonthYearPicker,console-month-year-picker,high,
Component,console,Y,rename,libs/console/shared/ui/src/lib/relative-time/relative-time.component.ts,RelativeTimeComponent,console-relative-time,,,relative-time,RelativeTime,console-relative-time,high,
Component,console,Y,rename,libs/console/shared/ui/src/lib/scrollspy-rail/scrollspy-rail.component.ts,ScrollspyRailComponent,console-scrollspy-rail,libs/console/shared/ui/src/lib/scrollspy-rail/scrollspy-rail.component.html,libs/console/shared/ui/src/lib/scrollspy-rail/scrollspy-rail.component.scss,scrollspy-rail,ScrollspyRail,console-scrollspy-rail,high,
Directive,console,Y,keep,libs/console/shared/ui/src/lib/section-card/form-snapshot.directive.ts,FormSnapshotDirective,console-section-card[consoleFormSnapshot],,,form-snapshot.directive,FormSnapshotDirective,console-section-card[consoleFormSnapshot],high,keep-directive
Component,console,Y,rename,libs/console/shared/ui/src/lib/section-card/section-card.component.ts,SectionCardComponent,console-section-card,libs/console/shared/ui/src/lib/section-card/section-card.component.html,libs/console/shared/ui/src/lib/section-card/section-card.component.scss,section-card,SectionCard,console-section-card,high,
Component,console,Y,rename,libs/console/shared/ui/src/lib/segmented-control/segmented-control.component.ts,SegmentedControlComponent,console-segmented-control,libs/console/shared/ui/src/lib/segmented-control/segmented-control.component.html,libs/console/shared/ui/src/lib/segmented-control/segmented-control.component.scss,segmented-control,SegmentedControl,console-segmented-control,high,
Component,console,Y,rename,libs/console/shared/ui/src/lib/skeleton/skeleton-row.component.ts,SkeletonRowComponent,console-skeleton-row,,,skeleton-row,SkeletonRow,console-skeleton-row,high,
Component,console,Y,rename,libs/console/shared/ui/src/lib/skeleton/skeleton-table.component.ts,SkeletonTableComponent,console-skeleton-table,,,skeleton-table,SkeletonTable,console-skeleton-table,high,
Component,console,Y,rename,libs/console/shared/ui/src/lib/skeleton/skeleton.component.ts,SkeletonComponent,console-skeleton,,,skeleton,Skeleton,console-skeleton,high,
Component,console,Y,rename,libs/console/shared/ui/src/lib/spinner/full-page-spinner.component.ts,FullPageSpinnerComponent,console-full-page-spinner,,,full-page-spinner,FullPageSpinner,console-full-page-spinner,high,
Component,console,Y,rename,libs/console/shared/ui/src/lib/spinner/spinner-overlay.component.ts,SpinnerOverlayComponent,console-spinner-overlay,,,spinner-overlay,SpinnerOverlay,console-spinner-overlay,high,
Component,console,Y,rename,libs/console/shared/ui/src/lib/sticky-save-bar/sticky-save-bar.component.ts,StickySaveBarComponent,console-sticky-save-bar,libs/console/shared/ui/src/lib/sticky-save-bar/sticky-save-bar.component.html,libs/console/shared/ui/src/lib/sticky-save-bar/sticky-save-bar.component.scss,sticky-save-bar,StickySaveBar,console-sticky-save-bar,high,
Component,console,Y,rename,libs/console/shared/ui/src/lib/time-picker/time-picker.component.ts,TimePickerComponent,console-time-picker,libs/console/shared/ui/src/lib/time-picker/time-picker.component.html,libs/console/shared/ui/src/lib/time-picker/time-picker.component.scss,time-picker,TimePicker,console-time-picker,high,
Component,console,Y,rename,libs/console/shared/ui/src/lib/timezone-picker/timezone-picker.component.ts,TimezonePickerComponent,console-timezone-picker,libs/console/shared/ui/src/lib/timezone-picker/timezone-picker.component.html,libs/console/shared/ui/src/lib/timezone-picker/timezone-picker.component.scss,timezone-picker,TimezonePicker,console-timezone-picker,high,
Component,console,Y,rename,libs/console/shared/ui/src/lib/toast/toast-container.component.ts,ToastContainerComponent,console-toast-container,,,toast-container,ToastContainer,console-toast-container,high,
Component,console,Y,rename,libs/console/shared/ui/src/lib/translatable-group/translatable-group.ts,TranslatableGroupComponent,console-translatable-group,,,translatable-group,TranslatableGroup,console-translatable-group,high,
Component,console,Y,rename,libs/console/shared/ui/src/lib/translatable-markdown-group/translatable-markdown-group.ts,TranslatableMarkdownGroupComponent,console-translatable-markdown-group,,,translatable-markdown-group,TranslatableMarkdownGroup,console-translatable-markdown-group,high,
Pipe,console,,keep,libs/console/shared/util/src/lib/errors/form-error.pipe.ts,FormErrorPipe,formError,,,form-error.pipe,FormErrorPipe,formError,high,keep-pipe
Directive,console,,keep,libs/console/shared/util/src/lib/errors/server-error.directive.ts,ServerErrorDirective,[formGroup][consoleServerErrorMap],,,server-error.directive,ServerErrorDirective,[formGroup][consoleServerErrorMap],high,keep-directive
Component,console,,rename,libs/console/shared/util/src/lib/unsaved-changes.guard.ts,UnsavedChangesDialogComponent,console-unsaved-changes-dialog,,,unsaved-changes.dialog,UnsavedChangesDialog,console-unsaved-changes-dialog,high,
Component,landing,,rename,libs/landing/feature-about/src/lib/components/about-cta/about-cta.ts,LandingAboutCtaComponent,landing-about-cta,libs/landing/feature-about/src/lib/components/about-cta/about-cta.html,libs/landing/feature-about/src/lib/components/about-cta/about-cta.scss,about.cta,AboutCta,landing-about-cta,high,landing-section
Component,landing,,rename,libs/landing/feature-about/src/lib/components/about-experience/about-experience.ts,LandingAboutExperienceComponent,landing-about-experience,libs/landing/feature-about/src/lib/components/about-experience/about-experience.html,libs/landing/feature-about/src/lib/components/about-experience/about-experience.scss,about.experience,AboutExperience,landing-about-experience,high,landing-section
Component,landing,,rename,libs/landing/feature-about/src/lib/components/about-failures/about-failures.ts,LandingAboutFailuresComponent,landing-about-failures,libs/landing/feature-about/src/lib/components/about-failures/about-failures.html,libs/landing/feature-about/src/lib/components/about-failures/about-failures.scss,about.failures,AboutFailures,landing-about-failures,high,landing-section
Component,landing,,rename,libs/landing/feature-about/src/lib/components/about-hero/about-hero.ts,LandingAboutHeroComponent,landing-about-hero,libs/landing/feature-about/src/lib/components/about-hero/about-hero.html,libs/landing/feature-about/src/lib/components/about-hero/about-hero.scss,about.hero,AboutHero,landing-about-hero,high,landing-section
Component,landing,,rename,libs/landing/feature-about/src/lib/components/about-how-i-think/about-how-i-think.ts,LandingAboutHowIThinkComponent,landing-about-how-i-think,libs/landing/feature-about/src/lib/components/about-how-i-think/about-how-i-think.html,libs/landing/feature-about/src/lib/components/about-how-i-think/about-how-i-think.scss,about.how-i-think,AboutHowIThink,landing-about-how-i-think,high,landing-section
Component,landing,,rename,libs/landing/feature-about/src/lib/feature-about/feature-about.ts,FeatureAbout,landing-feature-about,libs/landing/feature-about/src/lib/feature-about/feature-about.html,libs/landing/feature-about/src/lib/feature-about/feature-about.scss,about,About,landing-about,med,container
Component,landing,,rename,libs/landing/feature-blog/src/lib/blog-detail-page/blog-detail-page.ts,BlogDetailPage,landing-blog-detail-page,libs/landing/feature-blog/src/lib/blog-detail-page/blog-detail-page.html,libs/landing/feature-blog/src/lib/blog-detail-page/blog-detail-page.scss,blog.detail,BlogDetail,landing-blog-detail,high,page-dropped;landing-section
Component,landing,,rename,libs/landing/feature-blog/src/lib/blog-detail-page/blog-share-row.component.ts,BlogShareRowComponent,landing-blog-share-row,,,blog.share-row,BlogShareRow,landing-blog-share-row,high,landing-section
Component,landing,,rename,libs/landing/feature-blog/src/lib/blog-list-page/blog-list-page.ts,BlogListPage,landing-blog-list-page,libs/landing/feature-blog/src/lib/blog-list-page/blog-list-page.html,libs/landing/feature-blog/src/lib/blog-list-page/blog-list-page.scss,blog.list,BlogList,landing-blog-list,high,page-dropped;landing-section
Component,landing,,rename,libs/landing/feature-home/src/lib/bio-card-grid/home-bio-card-grid.component.ts,HomeBioCardGridComponent,landing-home-bio-card-grid,libs/landing/feature-home/src/lib/bio-card-grid/home-bio-card-grid.component.html,libs/landing/feature-home/src/lib/bio-card-grid/home-bio-card-grid.component.scss,home.bio-card-grid,HomeBioCardGrid,landing-home-bio-card-grid,high,landing-section
Component,landing,,rename,libs/landing/feature-home/src/lib/feature-home/feature-home.ts,FeatureHome,landing-feature-home,libs/landing/feature-home/src/lib/feature-home/feature-home.html,libs/landing/feature-home/src/lib/feature-home/feature-home.scss,home,Home,landing-home,med,container
Component,landing,,rename,libs/landing/feature-home/src/lib/get-in-touch/home-get-in-touch.component.ts,HomeGetInTouchComponent,landing-home-get-in-touch,libs/landing/feature-home/src/lib/get-in-touch/home-get-in-touch.component.html,libs/landing/feature-home/src/lib/get-in-touch/home-get-in-touch.component.scss,home.get-in-touch,HomeGetInTouch,landing-home-get-in-touch,high,landing-section
Component,landing,,rename,libs/landing/feature-home/src/lib/hero/home-hero.component.ts,HomeHeroComponent,landing-home-hero,libs/landing/feature-home/src/lib/hero/home-hero.component.html,libs/landing/feature-home/src/lib/hero/home-hero.component.scss,home.hero,HomeHero,landing-home-hero,high,landing-section
Component,landing,,rename,libs/landing/feature-home/src/lib/intro/home-intro.component.ts,HomeIntroComponent,landing-home-intro,libs/landing/feature-home/src/lib/intro/home-intro.component.html,libs/landing/feature-home/src/lib/intro/home-intro.component.scss,home.intro,HomeIntro,landing-home-intro,high,landing-section
Component,landing,,rename,libs/landing/feature-home/src/lib/philosophy/home-philosophy-strip.component.ts,HomePhilosophyStripComponent,landing-home-philosophy-strip,libs/landing/feature-home/src/lib/philosophy/home-philosophy-strip.component.html,libs/landing/feature-home/src/lib/philosophy/home-philosophy-strip.component.scss,home.philosophy-strip,HomePhilosophyStrip,landing-home-philosophy-strip,high,landing-section
Component,landing,,rename,libs/landing/feature-home/src/lib/selected-work/home-selected-work-fallback.component.ts,HomeSelectedWorkFallbackComponent,landing-home-selected-work-fallback,libs/landing/feature-home/src/lib/selected-work/home-selected-work-fallback.component.html,libs/landing/feature-home/src/lib/selected-work/home-selected-work-fallback.component.scss,home.selected-work-fallback,HomeSelectedWorkFallback,landing-home-selected-work-fallback,high,landing-section
Component,landing,,rename,libs/landing/feature-home/src/lib/selected-work/home-selected-work-tab.component.ts,HomeSelectedWorkTabComponent,landing-home-selected-work-tab,libs/landing/feature-home/src/lib/selected-work/home-selected-work-tab.component.html,libs/landing/feature-home/src/lib/selected-work/home-selected-work-tab.component.scss,home.selected-work-tab,HomeSelectedWorkTab,landing-home-selected-work-tab,high,landing-section
Component,landing,,rename,libs/landing/feature-home/src/lib/selected-work/home-selected-work.component.ts,HomeSelectedWorkComponent,landing-home-selected-work,libs/landing/feature-home/src/lib/selected-work/home-selected-work.component.html,libs/landing/feature-home/src/lib/selected-work/home-selected-work.component.scss,home.selected-work,HomeSelectedWork,landing-home-selected-work,high,landing-section
Component,landing,,rename,libs/landing/feature-home/src/lib/stack/home-stack.component.ts,HomeStackComponent,landing-home-stack,libs/landing/feature-home/src/lib/stack/home-stack.component.html,libs/landing/feature-home/src/lib/stack/home-stack.component.scss,home.stack,HomeStack,landing-home-stack,high,landing-section
Component,landing,,rename,libs/landing/feature-projects/src/lib/project-detail/project-detail.ts,ProjectDetailComponent,landing-project-detail,libs/landing/feature-projects/src/lib/project-detail/project-detail.html,libs/landing/feature-projects/src/lib/project-detail/project-detail.scss,project.detail,ProjectDetail,landing-project-detail,high,landing-section
Component,landing,,rename,libs/landing/feature-projects/src/lib/projects-page/projects-page.ts,ProjectsPage,landing-projects-page,libs/landing/feature-projects/src/lib/projects-page/projects-page.html,libs/landing/feature-projects/src/lib/projects-page/projects-page.scss,projects,Projects,landing-projects,med,page-dropped;page-container
Component,landing,Y,rename,libs/landing/shared/ui/src/command-palette/command-palette.component.ts,LandingCommandPaletteComponent,landing-command-palette,libs/landing/shared/ui/src/command-palette/command-palette.component.html,libs/landing/shared/ui/src/command-palette/command-palette.component.scss,command-palette,CommandPalette,landing-command-palette,high,
Component,landing,Y,rename,libs/landing/shared/ui/src/components/back-link/back-link.component.ts,LandingBackLinkComponent,landing-back-link,,libs/landing/shared/ui/src/components/back-link/back-link.component.scss,back-link,BackLink,landing-back-link,high,
Component,landing,Y,rename,libs/landing/shared/ui/src/components/background/background.component.ts,LandingBackgroundComponent,landing-background,,libs/landing/shared/ui/src/components/background/background.component.scss,background,Background,landing-background,high,
Component,landing,Y,rename,libs/landing/shared/ui/src/components/breadcrumb/breadcrumb.component.ts,LandingBreadcrumbComponent,landing-breadcrumb,,libs/landing/shared/ui/src/components/breadcrumb/breadcrumb.component.scss,breadcrumb,Breadcrumb,landing-breadcrumb,high,
Component,landing,Y,rename,libs/landing/shared/ui/src/components/browser-window/landing-browser-window.component.ts,LandingBrowserWindowComponent,landing-browser-window,,,browser-window,BrowserWindow,landing-browser-window,high,
Component,landing,Y,rename,libs/landing/shared/ui/src/components/button/button.component.ts,ButtonComponent,landing-button,,libs/landing/shared/ui/src/components/button/button.component.scss,button,Button,landing-button,high,
Component,landing,Y,rename,libs/landing/shared/ui/src/components/card/card.component.ts,CardComponent,landing-card,,libs/landing/shared/ui/src/components/card/card.component.scss,card,Card,landing-card,high,
Component,landing,Y,rename,libs/landing/shared/ui/src/components/carousel/carousel.component.ts,LandingCarouselComponent,landing-carousel,libs/landing/shared/ui/src/components/carousel/carousel.component.html,libs/landing/shared/ui/src/components/carousel/carousel.component.scss,carousel,Carousel,landing-carousel,high,
Component,landing,Y,rename,libs/landing/shared/ui/src/components/checkbox/checkbox.component.ts,CheckboxComponent,landing-checkbox,,libs/landing/shared/ui/src/components/checkbox/checkbox.component.scss,checkbox,Checkbox,landing-checkbox,high,
Component,landing,Y,rename,libs/landing/shared/ui/src/components/chip/chip.component.ts,ChipComponent,landing-chip,,libs/landing/shared/ui/src/components/chip/chip.component.scss,chip,Chip,landing-chip,high,
Component,landing,Y,rename,libs/landing/shared/ui/src/components/container/container.component.ts,ContainerComponent,landing-container,,libs/landing/shared/ui/src/components/container/container.component.scss,container,Container,landing-container,high,
Component,landing,Y,rename,libs/landing/shared/ui/src/components/content-section/content-section.component.ts,LandingContentSectionComponent,landing-content-section,libs/landing/shared/ui/src/components/content-section/content-section.component.html,libs/landing/shared/ui/src/components/content-section/content-section.component.scss,content-section,ContentSection,landing-content-section,high,
Component,landing,Y,rename,libs/landing/shared/ui/src/components/emphasis-text/landing-emphasis-text.component.ts,LandingEmphasisTextComponent,landing-emphasis-text,,,emphasis-text,EmphasisText,landing-emphasis-text,high,
Component,landing,Y,rename,libs/landing/shared/ui/src/components/empty-state/empty-state.component.ts,LandingEmptyStateComponent,landing-empty-state,,,empty-state,EmptyState,landing-empty-state,high,
Component,landing,Y,rename,libs/landing/shared/ui/src/components/eyebrow/eyebrow.component.ts,EyebrowComponent,landing-eyebrow,,libs/landing/shared/ui/src/components/eyebrow/eyebrow.component.scss,eyebrow,Eyebrow,landing-eyebrow,high,
Component,landing,Y,rename,libs/landing/shared/ui/src/components/figure/figure.component.ts,FigureComponent,landing-figure,,libs/landing/shared/ui/src/components/figure/figure.component.scss,figure,Figure,landing-figure,high,
Component,landing,Y,rename,libs/landing/shared/ui/src/components/filter-chip/landing-filter-chip.component.ts,LandingFilterChipComponent,landing-filter-chip,,,filter-chip,FilterChip,landing-filter-chip,high,
Component,landing,Y,rename,libs/landing/shared/ui/src/components/form-field/form-field.component.ts,FormFieldComponent,landing-form-field,,libs/landing/shared/ui/src/components/form-field/form-field.component.scss,form-field,FormField,landing-form-field,high,
Component,landing,Y,rename,libs/landing/shared/ui/src/components/gallery/gallery.component.ts,LandingGalleryComponent,landing-gallery,,libs/landing/shared/ui/src/components/gallery/gallery.component.scss,gallery,Gallery,landing-gallery,high,
Component,landing,Y,rename,libs/landing/shared/ui/src/components/globe/landing-globe.component.ts,LandingGlobeComponent,landing-globe,libs/landing/shared/ui/src/components/globe/landing-globe.component.html,libs/landing/shared/ui/src/components/globe/landing-globe.component.scss,globe,Globe,landing-globe,high,
Component,landing,Y,rename,libs/landing/shared/ui/src/components/heading/landing-heading.component.ts,LandingHeadingComponent,landing-heading,,,heading,Heading,landing-heading,high,
Component,landing,Y,rename,libs/landing/shared/ui/src/components/icon/icon.component.ts,IconComponent,landing-icon,,libs/landing/shared/ui/src/components/icon/icon.component.scss,icon,Icon,landing-icon,high,
Component,landing,Y,rename,libs/landing/shared/ui/src/components/icon/landing-icon-arrow.component.ts,LandingIconArrowComponent,landing-icon-arrow,,,icon-arrow,IconArrow,landing-icon-arrow,high,
Component,landing,Y,rename,libs/landing/shared/ui/src/components/image/image.component.ts,ImageComponent,landing-image,,libs/landing/shared/ui/src/components/image/image.component.scss,image,Image,landing-image,high,
Component,landing,Y,rename,libs/landing/shared/ui/src/components/in-page-nav/landing-floating-pill-nav.component.ts,LandingFloatingPillNavComponent,landing-floating-pill-nav,,,floating-pill-nav,FloatingPillNav,landing-floating-pill-nav,high,
Component,landing,Y,rename,libs/landing/shared/ui/src/components/in-page-nav/landing-reading-progress.component.ts,LandingReadingProgressComponent,landing-reading-progress,,,reading-progress,ReadingProgress,landing-reading-progress,high,
Component,landing,Y,rename,libs/landing/shared/ui/src/components/in-page-nav/landing-section-dots.component.ts,LandingSectionDotsComponent,landing-section-dots,,,section-dots,SectionDots,landing-section-dots,high,
Component,landing,Y,rename,libs/landing/shared/ui/src/components/in-page-nav/landing-toc-inline.component.ts,LandingTocInlineComponent,landing-toc-inline,,,toc-inline,TocInline,landing-toc-inline,high,
Component,landing,Y,rename,libs/landing/shared/ui/src/components/in-page-nav/landing-toc-sidebar.component.ts,LandingTocSidebarComponent,landing-toc-sidebar,,,toc-sidebar,TocSidebar,landing-toc-sidebar,high,
Component,landing,Y,rename,libs/landing/shared/ui/src/components/input/input.component.ts,InputComponent,landing-input,,libs/landing/shared/ui/src/components/input/input.component.scss,input,Input,landing-input,high,
Component,landing,Y,rename,libs/landing/shared/ui/src/components/lightbox/lightbox-overlay.component.ts,LightboxOverlayComponent,landing-lightbox-overlay,libs/landing/shared/ui/src/components/lightbox/lightbox-overlay.component.html,libs/landing/shared/ui/src/components/lightbox/lightbox-overlay.component.scss,lightbox-overlay,LightboxOverlay,landing-lightbox-overlay,high,
Directive,landing,Y,keep,libs/landing/shared/ui/src/components/lightbox/lightbox.directive.ts,LightboxDirective,[lightbox],,,lightbox.directive,LightboxDirective,[lightbox],high,keep-directive
Component,landing,Y,rename,libs/landing/shared/ui/src/components/link/link.component.ts,LandingLinkComponent,landing-link,,libs/landing/shared/ui/src/components/link/link.component.scss,link,Link,landing-link,high,
Component,landing,Y,rename,libs/landing/shared/ui/src/components/load-more/landing-load-more.component.ts,LandingLoadMoreComponent,landing-load-more,,,load-more,LoadMore,landing-load-more,high,
Component,landing,Y,rename,libs/landing/shared/ui/src/components/loading-spinner/loading-spinner.component.ts,LandingLoadingSpinnerComponent,landing-loading-spinner,,,loading-spinner,LoadingSpinner,landing-loading-spinner,high,
Component,landing,Y,rename,libs/landing/shared/ui/src/components/mega-menu/mega-menu.component.ts,MegaMenuComponent,landing-mega-menu,,libs/landing/shared/ui/src/components/mega-menu/mega-menu.component.scss,mega-menu,MegaMenu,landing-mega-menu,high,
Component,landing,Y,rename,libs/landing/shared/ui/src/components/page-hero/landing-page-hero.component.ts,LandingPageHeroComponent,landing-page-hero,,,page-hero,PageHero,landing-page-hero,high,
Component,landing,Y,rename,libs/landing/shared/ui/src/components/page-shell/landing-page-shell.component.ts,LandingPageShellComponent,landing-page-shell,,libs/landing/shared/ui/src/components/page-shell/landing-page-shell.component.scss,page-shell,PageShell,landing-page-shell,high,
Component,landing,Y,rename,libs/landing/shared/ui/src/components/pagination/landing-pagination.component.ts,LandingPaginationComponent,landing-pagination,,,pagination,Pagination,landing-pagination,high,
Component,landing,Y,rename,libs/landing/shared/ui/src/components/pull-quote/pull-quote.component.ts,PullQuoteComponent,landing-pull-quote,,libs/landing/shared/ui/src/components/pull-quote/pull-quote.component.scss,pull-quote,PullQuote,landing-pull-quote,high,
Component,landing,Y,rename,libs/landing/shared/ui/src/components/radio/radio-group.component.ts,RadioGroupComponent,landing-radio-group,,libs/landing/shared/ui/src/components/radio/radio-group.component.scss,radio-group,RadioGroup,landing-radio-group,high,
Component,landing,Y,rename,libs/landing/shared/ui/src/components/radio/radio.component.ts,RadioComponent,landing-radio,,libs/landing/shared/ui/src/components/radio/radio.component.scss,radio,Radio,landing-radio,high,
Component,landing,Y,rename,libs/landing/shared/ui/src/components/results-count/landing-results-count.component.ts,LandingResultsCountComponent,landing-results-count,,,results-count,ResultsCount,landing-results-count,high,
Component,landing,Y,rename,libs/landing/shared/ui/src/components/router-progress/router-progress.component.ts,LandingRouterProgressComponent,landing-router-progress,,,router-progress,RouterProgress,landing-router-progress,high,
Component,landing,Y,rename,libs/landing/shared/ui/src/components/section-header/landing-section-header.component.ts,LandingSectionHeaderComponent,landing-section-header,,,section-header,SectionHeader,landing-section-header,high,
Component,landing,Y,rename,libs/landing/shared/ui/src/components/section-rule/section-rule.component.ts,SectionRuleComponent,landing-section-rule,,libs/landing/shared/ui/src/components/section-rule/section-rule.component.scss,section-rule,SectionRule,landing-section-rule,high,
Component,landing,Y,rename,libs/landing/shared/ui/src/components/section/section.component.ts,SectionComponent,landing-section,,libs/landing/shared/ui/src/components/section/section.component.scss,section,Section,landing-section,high,
Component,landing,Y,rename,libs/landing/shared/ui/src/components/segmented/segmented.component.ts,SegmentedComponent,landing-segmented,,libs/landing/shared/ui/src/components/segmented/segmented.component.scss,segmented,Segmented,landing-segmented,high,
Component,landing,Y,rename,libs/landing/shared/ui/src/components/select/select.component.ts,LandingSelectComponent,landing-select,,libs/landing/shared/ui/src/components/select/select.component.scss,select,Select,landing-select,high,
Component,landing,Y,rename,libs/landing/shared/ui/src/components/show-more/show-more.component.ts,ShowMoreComponent,landing-show-more,,libs/landing/shared/ui/src/components/show-more/show-more.component.scss,show-more,ShowMore,landing-show-more,high,
Component,landing,Y,rename,libs/landing/shared/ui/src/components/social-row/social-row.component.ts,LandingSocialRowComponent,landing-social-row,,libs/landing/shared/ui/src/components/social-row/social-row.component.scss,social-row,SocialRow,landing-social-row,high,
Component,landing,Y,rename,libs/landing/shared/ui/src/components/status-dot/status-dot.component.ts,StatusDotComponent,landing-status-dot,,libs/landing/shared/ui/src/components/status-dot/status-dot.component.scss,status-dot,StatusDot,landing-status-dot,high,
Component,landing,Y,rename,libs/landing/shared/ui/src/components/t/landing-t.component.ts,LandingTComponent,landing-t,,,t,T,landing-t,high,
Component,landing,Y,rename,libs/landing/shared/ui/src/components/textarea/textarea.component.ts,TextareaComponent,landing-textarea,,libs/landing/shared/ui/src/components/textarea/textarea.component.scss,textarea,Textarea,landing-textarea,high,
Component,landing,Y,rename,libs/landing/shared/ui/src/components/tooltip/landing-tooltip.component.ts,LandingTooltipComponent,landing-tooltip,,,tooltip,Tooltip,landing-tooltip,high,
Component,landing,Y,rename,libs/landing/shared/ui/src/components/view-toggle/landing-view-toggle.component.ts,LandingViewToggleComponent,landing-view-toggle,,,view-toggle,ViewToggle,landing-view-toggle,high,
Directive,landing,Y,keep,libs/landing/shared/ui/src/directives/copy-to-clipboard/copy-to-clipboard.directive.ts,CopyToClipboardDirective,[landingCopyToClipboard],,,copy-to-clipboard.directive,CopyToClipboardDirective,[landingCopyToClipboard],high,keep-directive
Directive,landing,Y,keep,libs/landing/shared/ui/src/directives/prose-anchors/prose-anchors.directive.ts,LandingProseAnchorsDirective,[landingProseAnchors],,,prose-anchors.directive,LandingProseAnchorsDirective,[landingProseAnchors],high,keep-directive
Directive,landing,Y,keep,libs/landing/shared/ui/src/directives/scroll-edge-fade/scroll-edge-fade.directive.ts,ScrollEdgeFadeDirective,[landingScrollEdgeFade],,,scroll-edge-fade.directive,ScrollEdgeFadeDirective,[landingScrollEdgeFade],high,keep-directive
Directive,landing,Y,keep,libs/landing/shared/ui/src/keyboard/keyboard-shortcuts.directive.ts,KeyboardShortcutsDirective,[fxKeyboardShortcuts],,,keyboard-shortcuts.directive,KeyboardShortcutsDirective,[fxKeyboardShortcuts],high,keep-directive
Directive,landing,Y,keep,libs/landing/shared/ui/src/motion/spotlight/spotlight.directive.ts,SpotlightDirective,[fxSpotlight],,,spotlight.directive,SpotlightDirective,[fxSpotlight],high,keep-directive
Component,landing,Y,rename,libs/landing/shared/ui/src/motion/stagger-text/stagger-text.component.ts,LandingStaggerTextComponent,landing-stagger-text,,libs/landing/shared/ui/src/motion/stagger-text/stagger-text.component.scss,stagger-text,StaggerText,landing-stagger-text,high,
Directive,landing,Y,keep,libs/landing/shared/ui/src/motion/type-out/type-out.directive.ts,TypeOutDirective,[fxTypeOut],,,type-out.directive,TypeOutDirective,[fxTypeOut],high,keep-directive
Pipe,landing,Y,keep,libs/landing/shared/ui/src/pipes/cloudinary-srcset.pipe.ts,CloudinarySrcsetPipe,cloudinarySrcset,,,cloudinary-srcset.pipe,CloudinarySrcsetPipe,cloudinarySrcset,high,keep-pipe
Directive,landing,Y,keep,libs/landing/shared/ui/src/shell/hydration-safe-active.directive.ts,HydrationSafeActiveDirective,[hydrationSafeActive],,,hydration-safe-active.directive,HydrationSafeActiveDirective,[hydrationSafeActive],high,keep-directive
Component,landing,Y,rename,libs/landing/shared/ui/src/shell/landing-footer-banner.component.ts,LandingFooterBannerComponent,landing-footer-banner,libs/landing/shared/ui/src/shell/landing-footer-banner.component.html,libs/landing/shared/ui/src/shell/landing-footer-banner.component.scss,footer-banner,FooterBanner,landing-footer-banner,high,
Component,landing,Y,rename,libs/landing/shared/ui/src/shell/landing-footer-signature.component.ts,LandingFooterSignatureComponent,landing-footer-signature,,,footer-signature,FooterSignature,landing-footer-signature,high,
Component,landing,Y,rename,libs/landing/shared/ui/src/shell/landing-header.component.ts,LandingHeaderComponent,landing-header,,libs/landing/shared/ui/src/shell/landing-header.component.scss,header,Header,landing-header,high,
Component,landing,Y,rename,libs/landing/shared/ui/src/shell/landing-scroll-to-top.component.ts,LandingScrollToTopComponent,landing-scroll-to-top,,,scroll-to-top,ScrollToTop,landing-scroll-to-top,high,
Component,landing,Y,rename,libs/landing/shared/ui/src/shell/landing-shell.component.ts,LandingShellComponent,landing-shell,,,shell,Shell,landing-shell,high,
Component,landing,Y,rename,libs/landing/shared/ui/src/theme/theme-toggle.component.ts,LandingThemeToggleComponent,landing-theme-toggle,,,theme-toggle,ThemeToggle,landing-theme-toggle,high,
Pipe,shared,Y,keep,libs/shared/ui/pipes/src/lib/cloudinary-thumb.pipe.ts,CloudinaryThumbPipe,cloudinaryThumb,,,cloudinary-thumb.pipe,CloudinaryThumbPipe,cloudinaryThumb,high,keep-pipe
Pipe,shared,Y,keep,libs/shared/ui/pipes/src/lib/date-range.pipe.ts,DateRangePipe,dateRange,,,date-range.pipe,DateRangePipe,dateRange,high,keep-pipe
Pipe,shared,Y,keep,libs/shared/ui/pipes/src/lib/file-icon.pipe.ts,FileIconPipe,fileIcon,,,file-icon.pipe,FileIconPipe,fileIcon,high,keep-pipe
Pipe,shared,Y,keep,libs/shared/ui/pipes/src/lib/initials.pipe.ts,InitialsPipe,initials,,,initials.pipe,InitialsPipe,initials,high,keep-pipe
Pipe,shared,Y,keep,libs/shared/ui/pipes/src/lib/is-image.pipe.ts,IsImagePipe,isImage,,,is-image.pipe,IsImagePipe,isImage,high,keep-pipe
Pipe,shared,Y,keep,libs/shared/ui/pipes/src/lib/mime-category.pipe.ts,MimeCategoryPipe,mimeCategory,,,mime-category.pipe,MimeCategoryPipe,mimeCategory,high,keep-pipe
Pipe,shared,Y,keep,libs/shared/ui/pipes/src/lib/month-year.pipe.ts,MonthYearPipe,monthYear,,,month-year.pipe,MonthYearPipe,monthYear,high,keep-pipe
Pipe,shared,Y,keep,libs/shared/ui/pipes/src/lib/readable-size.pipe.ts,ReadableSizePipe,readableSize,,,readable-size.pipe,ReadableSizePipe,readableSize,high,keep-pipe
Pipe,shared,Y,keep,libs/shared/ui/pipes/src/lib/translatable.pipe.ts,TranslatablePipe,translatable,,,translatable.pipe,TranslatablePipe,translatable,high,keep-pipe
Component,shared,Y,rename,libs/shared/ui/sidebar/src/lib/sidebar-content.component.ts,SidebarContentComponent,ui-sidebar-content,,,ui-sidebar-content,UiSidebarContent,shared-ui-sidebar-content,high,
Component,shared,Y,rename,libs/shared/ui/sidebar/src/lib/sidebar-footer.component.ts,SidebarFooterComponent,ui-sidebar-footer,,,ui-sidebar-footer,UiSidebarFooter,shared-ui-sidebar-footer,high,
Component,shared,Y,rename,libs/shared/ui/sidebar/src/lib/sidebar-group.component.ts,SidebarGroupComponent,ui-sidebar-group,,,ui-sidebar-group,UiSidebarGroup,shared-ui-sidebar-group,high,
Component,shared,Y,rename,libs/shared/ui/sidebar/src/lib/sidebar-header.component.ts,SidebarHeaderComponent,ui-sidebar-header,,,ui-sidebar-header,UiSidebarHeader,shared-ui-sidebar-header,high,
Component,shared,Y,rename,libs/shared/ui/sidebar/src/lib/sidebar-inset.component.ts,SidebarInsetComponent,ui-sidebar-inset,,,ui-sidebar-inset,UiSidebarInset,shared-ui-sidebar-inset,high,
Directive,shared,Y,keep,libs/shared/ui/sidebar/src/lib/sidebar-menu-badge.directive.ts,SidebarMenuBadgeDirective,[uiSidebarMenuBadge],,,sidebar-menu-badge.directive,SidebarMenuBadgeDirective,[uiSidebarMenuBadge],high,keep-directive
Component,shared,Y,rename,libs/shared/ui/sidebar/src/lib/sidebar-menu-button.component.ts,SidebarMenuButtonComponent,"a[ui-sidebar-menu-button],button[ui-sidebar-menu-button]",,,"a[ui-sidebar-menu-button],button[ui-sidebar-menu-button]","A[uiSidebarMenuButton],button[uiSidebarMenuButton]","shared-a[ui-sidebar-menu-button],button[ui-sidebar-menu-button]",high,
Directive,shared,Y,keep,libs/shared/ui/sidebar/src/lib/sidebar-menu-item.directive.ts,SidebarMenuItemDirective,li[uiSidebarMenuItem],,,sidebar-menu-item.directive,SidebarMenuItemDirective,li[uiSidebarMenuItem],high,keep-directive
Directive,shared,Y,keep,libs/shared/ui/sidebar/src/lib/sidebar-menu-skeleton.directive.ts,SidebarMenuSkeletonDirective,[uiSidebarMenuSkeleton],,,sidebar-menu-skeleton.directive,SidebarMenuSkeletonDirective,[uiSidebarMenuSkeleton],high,keep-directive
Component,shared,Y,rename,libs/shared/ui/sidebar/src/lib/sidebar-menu-sub-button.component.ts,SidebarMenuSubButtonComponent,"a[ui-sidebar-menu-sub-button],button[ui-sidebar-menu-sub-button]",,,"a[ui-sidebar-menu-sub-button],button[ui-sidebar-menu-sub-button]","A[uiSidebarMenuSubButton],button[uiSidebarMenuSubButton]","shared-a[ui-sidebar-menu-sub-button],button[ui-sidebar-menu-sub-button]",high,
Directive,shared,Y,keep,libs/shared/ui/sidebar/src/lib/sidebar-menu-sub-item.directive.ts,SidebarMenuSubItemDirective,li[uiSidebarMenuSubItem],,,sidebar-menu-sub-item.directive,SidebarMenuSubItemDirective,li[uiSidebarMenuSubItem],high,keep-directive
Component,shared,Y,rename,libs/shared/ui/sidebar/src/lib/sidebar-menu-sub.component.ts,SidebarMenuSubComponent,ui-sidebar-menu-sub,,,ui-sidebar-menu-sub,UiSidebarMenuSub,shared-ui-sidebar-menu-sub,high,
Directive,shared,Y,keep,libs/shared/ui/sidebar/src/lib/sidebar-menu.directive.ts,SidebarMenuDirective,ul[uiSidebarMenu],,,sidebar-menu.directive,SidebarMenuDirective,ul[uiSidebarMenu],high,keep-directive
Component,shared,Y,rename,libs/shared/ui/sidebar/src/lib/sidebar-provider.component.ts,SidebarProviderComponent,ui-sidebar-provider,,,ui-sidebar-provider,UiSidebarProvider,shared-ui-sidebar-provider,high,
Component,shared,Y,rename,libs/shared/ui/sidebar/src/lib/sidebar-rail.component.ts,SidebarRailComponent,ui-sidebar-rail,,,ui-sidebar-rail,UiSidebarRail,shared-ui-sidebar-rail,high,
Directive,shared,Y,keep,libs/shared/ui/sidebar/src/lib/sidebar-separator.directive.ts,SidebarSeparatorDirective,[uiSidebarSeparator],,,sidebar-separator.directive,SidebarSeparatorDirective,[uiSidebarSeparator],high,keep-directive
Component,shared,Y,rename,libs/shared/ui/sidebar/src/lib/sidebar-trigger.component.ts,SidebarTriggerComponent,ui-sidebar-trigger,,,ui-sidebar-trigger,UiSidebarTrigger,shared-ui-sidebar-trigger,high,
Component,shared,Y,rename,libs/shared/ui/sidebar/src/lib/sidebar.component.ts,SidebarComponent,ui-sidebar,,,ui-sidebar,UiSidebar,shared-ui-sidebar,high,
